{"type": "RandomForestRegressor", "params": {"bootstrap": true, "max_depth": 25, "n_estimators": 1000}, "train_size": [74, 18], "features": ["population", "GDP_constant_2010_USD", "land_area_km_sq", "population_%", "GDP_%", "land_area_%", "EF.EFM.OVRL.XD", "EF.EFM.RANK.XD", "1.1_ACCESS.ELECTRICITY.TOT", "1.2_ACCESS.ELECTRICITY.RURAL", "SH.UHC.NOP1.CG", "SH.UHC.NOP2.TO", "SH.UHC.OOPC.25.ZS", "CC.EST", "GE.EST", "PV.EST", "RQ.EST", "VA.EST"], "timestamp": 1673514009, "metrics": {"MAE": 1.96, "MSE": 2.778488797889961, "RMSE": 7.72, "MAPE": 1.0036273291925466}, "feature_importance": {"population": 0.1500550664697763, "GDP_constant_2010_USD": 0.030579529076445514, "land_area_km_sq": 0.04440827102906819, "population_%": 0.08985646608132083, "GDP_%": 0.049336582906947236, "land_area_%": 0.058195611950389914, "EF.EFM.OVRL.XD": 0.03517741562459576, "EF.EFM.RANK.XD": 0.018484956534779717, "1.1_ACCESS.ELECTRICITY.TOT": 0.03594446150159136, "1.2_ACCESS.ELECTRICITY.RURAL": 0.10435131641978669, "SH.UHC.NOP1.CG": 0.12521715197028843, "SH.UHC.NOP2.TO": 0.01653828883034866, "SH.UHC.OOPC.25.ZS": 0.006758699385409815, "CC.EST": 0.11645356105651028, "GE.EST": 0.03496190359046308, "PV.EST": 0.03596569416064761, "RQ.EST": 0.02450710925523844, "VA.EST": 0.023207914156392284}}