{"type": "RandomForestRegressor", "params": {"bootstrap": true, "max_depth": 50, "n_estimators": 200}, "train_size": [79, 15], "features": ["population", "GDP_constant_2010_USD", "land_area_km_sq", "population_%", "GDP_%", "land_area_%", "EF.EFM.OVRL.XD", "EF.EFM.RANK.XD", "1.1_ACCESS.ELECTRICITY.TOT", "1.2_ACCESS.ELECTRICITY.RURAL", "CC.EST", "GE.EST", "PV.EST", "RQ.EST", "VA.EST"], "timestamp": 1673543684, "metrics": {"MAE": 1.9259259259259258, "MSE": 2.638742686008426, "RMSE": 6.962962962962963, "MAPE": 0.7394045702016717}, "feature_importance": {"population": 0.12180213112574614, "GDP_constant_2010_USD": 0.043261613159510735, "land_area_km_sq": 0.045534257257522866, "population_%": 0.07019430536038601, "GDP_%": 0.04777299103750262, "land_area_%": 0.06356442117974943, "EF.EFM.OVRL.XD": 0.061897825465458085, "EF.EFM.RANK.XD": 0.036127055927107146, "1.1_ACCESS.ELECTRICITY.TOT": 0.06208033692028444, "1.2_ACCESS.ELECTRICITY.RURAL": 0.17677315826138953, "CC.EST": 0.12929549231214546, "GE.EST": 0.02840604895015838, "PV.EST": 0.03590115253738753, "RQ.EST": 0.03726794714570494, "VA.EST": 0.040121263359946716}}