{"type": "RandomForestRegressor", "params": {"bootstrap": true, "max_depth": 25, "n_estimators": 200}, "train_size": [139, 16], "features": ["population", "GDP_constant_2010_USD", "land_area_km_sq", "population_%", "GDP_%", "land_area_%", "EF.EFM.OVRL.XD", "EF.EFM.RANK.XD", "SH.UHC.NOP1.CG", "SH.UHC.NOP2.TO", "SH.UHC.OOPC.25.ZS", "CC.EST", "GE.EST", "PV.EST", "RQ.EST", "VA.EST"], "timestamp": 1672996392, "metrics": {"MAE": 2.893617021276596, "MSE": 4.125684985035174, "RMSE": 17.02127659574468, "MAPE": 0.6212686041534603}, "feature_importance": {"population": 0.04227637010383293, "GDP_constant_2010_USD": 0.4126945578216235, "land_area_km_sq": 0.03047615742363844, "population_%": 0.027582984245780415, "GDP_%": 0.2743954825404208, "land_area_%": 0.04171388125709611, "EF.EFM.OVRL.XD": 0.032952684433318065, "EF.EFM.RANK.XD": 0.01620489954482204, "SH.UHC.NOP1.CG": 0.007254235713278521, "SH.UHC.NOP2.TO": 0.0029754268670882716, "SH.UHC.OOPC.25.ZS": 0.006652382946378004, "CC.EST": 0.017535543782290813, "GE.EST": 0.016310965758892505, "PV.EST": 0.03820553535268093, "RQ.EST": 0.016861287414396305, "VA.EST": 0.01590760479446245}}