{"type": "RandomForestRegressor", "params": {"bootstrap": true, "max_depth": 15, "n_estimators": 200}, "train_size": [193, 11], "features": ["population", "GDP_constant_2010_USD", "land_area_km_sq", "population_%", "GDP_%", "land_area_%", "CC.EST", "GE.EST", "PV.EST", "RQ.EST", "VA.EST"], "timestamp": 1672995665, "metrics": {"MAE": 3.0923076923076924, "MSE": 4.111896436888009, "RMSE": 16.907692307692308, "MAPE": 1.0198397966737411}, "feature_importance": {"population": 0.05290023528922185, "GDP_constant_2010_USD": 0.24913565785377495, "land_area_km_sq": 0.03209423578766861, "population_%": 0.03528365353776406, "GDP_%": 0.3819093524635245, "land_area_%": 0.048720378625239306, "CC.EST": 0.057592898472092736, "GE.EST": 0.020893825804119432, "PV.EST": 0.0642854673626913, "RQ.EST": 0.02206071499384737, "VA.EST": 0.03512357981005597}}