{"type": "RandomForestRegressor", "params": {"bootstrap": true, "max_depth": 50, "n_estimators": 200}, "train_size": [79, 16], "features": ["population", "GDP_constant_2010_USD", "land_area_km_sq", "population_%", "GDP_%", "land_area_%", "EF.EFM.OVRL.XD", "EF.EFM.RANK.XD", "SE.SEC.ENRR", "1.1_ACCESS.ELECTRICITY.TOT", "1.2_ACCESS.ELECTRICITY.RURAL", "CC.EST", "GE.EST", "PV.EST", "RQ.EST", "VA.EST"], "timestamp": 1673542878, "metrics": {"MAE": 2.074074074074074, "MSE": 3.7416573867739413, "RMSE": 14.0, "MAPE": 0.8130013035810137}, "feature_importance": {"population": 0.04701915384771971, "GDP_constant_2010_USD": 0.03778333867025269, "land_area_km_sq": 0.023844674579478427, "population_%": 0.05975829801351169, "GDP_%": 0.036978470622374915, "land_area_%": 0.04339485922646355, "EF.EFM.OVRL.XD": 0.05453487710727668, "EF.EFM.RANK.XD": 0.041479202098681105, "SE.SEC.ENRR": 0.4074813913667928, "1.1_ACCESS.ELECTRICITY.TOT": 0.03350636642143103, "1.2_ACCESS.ELECTRICITY.RURAL": 0.06819591485615795, "CC.EST": 0.04425834703673783, "GE.EST": 0.012766370938331415, "PV.EST": 0.015294680484325572, "RQ.EST": 0.03757087795279124, "VA.EST": 0.036133176777673345}}