{"type": "RandomForestRegressor", "params": {"bootstrap": true, "max_depth": 50, "n_estimators": 200}, "train_size": [74, 18], "features": ["population", "GDP_constant_2010_USD", "land_area_km_sq", "population_%", "GDP_%", "land_area_%", "EF.EFM.OVRL.XD", "EF.EFM.RANK.XD", "1.1_ACCESS.ELECTRICITY.TOT", "1.2_ACCESS.ELECTRICITY.RURAL", "SH.UHC.NOP1.CG", "SH.UHC.NOP2.TO", "SH.UHC.OOPC.25.ZS", "CC.EST", "GE.EST", "PV.EST", "RQ.EST", "VA.EST"], "timestamp": 1672996737, "metrics": {"MAE": 1.96, "MSE": 2.80713376952364, "RMSE": 7.88, "MAPE": 0.9936273291925466}, "feature_importance": {"population": 0.1620380428401449, "GDP_constant_2010_USD": 0.025410404189573747, "land_area_km_sq": 0.03997247475968718, "population_%": 0.0889981663621334, "GDP_%": 0.0417333641926997, "land_area_%": 0.04598728749114069, "EF.EFM.OVRL.XD": 0.03534386677021088, "EF.EFM.RANK.XD": 0.01874837326302548, "1.1_ACCESS.ELECTRICITY.TOT": 0.040406008067836285, "1.2_ACCESS.ELECTRICITY.RURAL": 0.11836312988068536, "SH.UHC.NOP1.CG": 0.12590114530705804, "SH.UHC.NOP2.TO": 0.018842272748914753, "SH.UHC.OOPC.25.ZS": 0.010906606101397176, "CC.EST": 0.10109334554158661, "GE.EST": 0.04336233949658872, "PV.EST": 0.04208387820611417, "RQ.EST": 0.022670615427670217, "VA.EST": 0.018138679353532645}}