{"type": "RandomForestRegressor", "params": {"bootstrap": true, "max_depth": 15, "n_estimators": 200}, "train_size": [193, 11], "features": ["population", "GDP_constant_2010_USD", "land_area_km_sq", "population_%", "GDP_%", "land_area_%", "CC.EST", "GE.EST", "PV.EST", "RQ.EST", "VA.EST"], "timestamp": 1672928250, "metrics": {"MAE": 3.1076923076923078, "MSE": 4.015355142833187, "RMSE": 16.123076923076923, "MAPE": 1.0065967181082645}, "feature_importance": {"population": 0.046594858364134746, "GDP_constant_2010_USD": 0.21610996837841398, "land_area_km_sq": 0.03241501101426373, "population_%": 0.03603972583475941, "GDP_%": 0.4239723621152449, "land_area_%": 0.0503252015841596, "CC.EST": 0.05824884178473023, "GE.EST": 0.021649172978319284, "PV.EST": 0.0578393430396581, "RQ.EST": 0.022311847923344976, "VA.EST": 0.03449366698297109}}