{"type": "RandomForestRegressor", "params": {"bootstrap": true, "max_depth": 15, "n_estimators": 500}, "train_size": [193, 14], "features": ["population", "GDP_constant_2010_USD", "land_area_km_sq", "population_%", "GDP_%", "land_area_%", "SP.POP.TOTL", "SP.RUR.TOTL", "SP.URB.TOTL", "CC.EST", "GE.EST", "PV.EST", "RQ.EST", "VA.EST"], "timestamp": 1672933546, "metrics": {"MAE": 3.276923076923077, "MSE": 4.337670413411399, "RMSE": 18.815384615384616, "MAPE": 1.1108297851920104}, "feature_importance": {"population": 0.0182056155755061, "GDP_constant_2010_USD": 0.21103072817488933, "land_area_km_sq": 0.02704458970934921, "population_%": 0.023687577334260263, "GDP_%": 0.3982698851969592, "land_area_%": 0.03744708800414986, "SP.POP.TOTL": 0.01978109927766005, "SP.RUR.TOTL": 0.03205816306343116, "SP.URB.TOTL": 0.049708062103429186, "CC.EST": 0.049505555997540744, "GE.EST": 0.017381447279183372, "PV.EST": 0.06705186757162011, "RQ.EST": 0.018054531177821735, "VA.EST": 0.03077378953419975}}