{"type": "RandomForestRegressor", "params": {"bootstrap": true, "max_depth": 25, "n_estimators": 500}, "train_size": [193, 14], "features": ["population", "GDP_constant_2010_USD", "land_area_km_sq", "population_%", "GDP_%", "land_area_%", "SP.POP.TOTL", "S

  L", "CC.EST", "GE.EST", "PV.EST", "RQ.EST", "VA.EST"], "timestamp": 1672933087, "metrics": {"MAE": 3.292307692307692, "MSE": 4.3536015152797525, "RMSE": 18.953846153846154, "MAPE": 1.1394486173402543}, "feature_importance": {"population": 0.02025562191211973, "GDP_constant_2010_USD": 0.20654188152770805, "land_area_km_sq": 0.02772492662135991, "population_%": 0.023775135931457334, "GDP_%": 0.40410071496203936, "land_area_%": 0.03609673789111579, "SP.POP.TOTL": 0.018681545762698003, "SP.RUR.TOTL": 0.03186406622701041, "SP.URB.TOTL": 0.049053576806552174, "CC.EST": 0.05411415639788774, "GE.EST": 0.01730347744684, "PV.EST": 0.06140112267898041, "RQ.EST": 0.0181273525378026, "VA.EST": 0.03095968329642851}}