{"type": "RandomForestRegressor", "params": {"bootstrap": true, "max_depth": 50, "n_estimators": 200}, "train_size": [74, 18], "features": ["population", "GDP_constant_2010_USD", "land_area_km_sq", "population_%", "GDP_%", "land_area_%", "EF.EFM.OVRL.XD", "EF.EFM.RANK.XD", "1.1_ACCESS.ELECTRICITY.TOT", "1.2_ACCESS.ELECTRICITY.RURAL", "SH.UHC.NOP1.CG", "SH.UHC.NOP2.TO", "SH.UHC.OOPC.25.ZS", "CC.EST", "GE.EST", "PV.EST", "RQ.EST", "VA.EST"], "timestamp": 1673514125, "metrics": {"MAE": 1.88, "MSE": 2.778488797889961, "RMSE": 7.72, "MAPE": 0.9436273291925465}, "feature_importance": {"population": 0.16466268745615986, "GDP_constant_2010_USD": 0.02774572270717482, "land_area_km_sq": 0.03676222142157054, "population_%": 0.09501692812396095, "GDP_%": 0.04657511697778324, "land_area_%": 0.04650817153170565, "EF.EFM.OVRL.XD": 0.02915304040194328, "EF.EFM.RANK.XD": 0.016112545911222357, "1.1_ACCESS.ELECTRICITY.TOT": 0.03740943157776732, "1.2_ACCESS.ELECTRICITY.RURAL": 0.11541805222472154, "SH.UHC.NOP1.CG": 0.14110514155299853, "SH.UHC.NOP2.TO": 0.01718514138770917, "SH.UHC.OOPC.25.ZS": 0.007524181514544654, "CC.EST": 0.09017732307597502, "GE.EST": 0.03501838376565188, "PV.EST": 0.04373903146874112, "RQ.EST": 0.026474453812810793, "VA.EST": 0.023412425087559304}}