{"type": "RandomForestRegressor", "params": {"bootstrap": true, "max_depth": 25, "n_estimators": 200}, "train_size": [74, 19], "features": ["population", "GDP_constant_2010_USD", "land_area_km_sq", "population_%", "GDP_%", "land_area_%", "EF.EFM.OVRL.XD", "EF.EFM.RANK.XD", "SE.SEC.ENRR", "1.1_ACCESS.ELECTRICITY.TOT", "1.2_ACCESS.ELECTRICITY.RURAL", "SH.UHC.NOP1.CG", "SH.UHC.NOP2.TO", "SH.UHC.OOPC.25.ZS", "CC.EST", "GE.EST", "PV.EST", "RQ.EST", "VA.EST"], "timestamp": 1673540403, "metrics": {"MAE": 2.6, "MSE": 4.132795663954365, "RMSE": 17.08, "MAPE": 1.0803022774327122}, "feature_importance": {"population": 0.06437619415346554, "GDP_constant_2010_USD": 0.03654071493343738, "land_area_km_sq": 0.019443910231721342, "population_%": 0.06661991720085025, "GDP_%": 0.042038039560669746, "land_area_%": 0.043343860681881785, "EF.EFM.OVRL.XD": 0.04740284667735977, "EF.EFM.RANK.XD": 0.027561625004300393, "SE.SEC.ENRR": 0.3597583104943531, "1.1_ACCESS.ELECTRICITY.TOT": 0.023080258021476282, "1.2_ACCESS.ELECTRICITY.RURAL": 0.07017769756774427, "SH.UHC.NOP1.CG": 0.056287407388972956, "SH.UHC.NOP2.TO": 0.010871193555463579, "SH.UHC.OOPC.25.ZS": 0.005442611006307631, "CC.EST": 0.04312949275822968, "GE.EST": 0.012983023722549406, "PV.EST": 0.01727217935552776, "RQ.EST": 0.02347634598548856, "VA.EST": 0.03019437170020059}}