{"type": "RandomForestRegressor", "params": {"bootstrap": true, "max_depth": 50, "n_estimators": 200}, "train_size": [79, 15], "features": ["population", "GDP_constant_2010_USD", "land_area_km_sq", "population_%", "GDP_%", "land_area_%", "EF.EFM.OVRL.XD", "EF.EFM.RANK.XD", "1.1_ACCESS.ELECTRICITY.TOT", "1.2_ACCESS.ELECTRICITY.RURAL", "CC.EST", "GE.EST", "PV.EST", "RQ.EST", "VA.EST"], "timestamp": 1673543269, "metrics": {"MAE": 1.962962962962963, "MSE": 2.6034165586355513, "RMSE": 6.777777777777778, "MAPE": 0.7995897553868568}, "feature_importance": {"population": 0.1224743694104796, "GDP_constant_2010_USD": 0.037505559297909274, "land_area_km_sq": 0.038947825966087896, "population_%": 0.07311380585666977, "GDP_%": 0.041081060959248766, "land_area_%": 0.07142750463779722, "EF.EFM.OVRL.XD": 0.05999362127886107, "EF.EFM.RANK.XD": 0.03821808027470643, "1.1_ACCESS.ELECTRICITY.TOT": 0.062043318950502295, "1.2_ACCESS.ELECTRICITY.RURAL": 0.16138599423711333, "CC.EST": 0.15086377783119712, "GE.EST": 0.025052229286935238, "PV.EST": 0.03535364252230957, "RQ.EST": 0.03798337895320863, "VA.EST": 0.044555830536973776}}